Rank,Symbol,Name,Token,Exchange,Instrument Type
1,NIFTY 50,"NIFTY 50",256265,NSE,EQ
2,NIFTY BANK,"NIFTY BANK",260105,NSE,EQ
3,NIFTY50 TR 1X INV,"NIFTY50 TR 1X INV",259593,NSE,EQ
4,NIFTY PSE,"NIFTY PSE",262665,NSE,EQ
5,NIFTY PSU BANK,"NIFTY PSU BANK",262921,NSE,EQ
6,NIFTY MEDIA,"NIFTY MEDIA",263945,NSE,EQ
7,NIFTY SMLCAP 50,"NIFTY SMLCAP 50",266761,NSE,EQ
8,NIFTY SMLCAP 100,"NIFTY SMLCAP 100",267017,NSE,EQ
9,NIFTY 500,"NIFTY 500",268041,NSE,EQ
10,NIFTY MID LIQ 15,"NIFTY MID LIQ 15",270601,NSE,EQ
11,NIFTY50 EQL WGT,"NIFTY50 EQL WGT",271625,NSE,EQ
12,NIFTY OIL AND GAS,"NIFTY OIL AND GAS",289033,NSE,EQ
13,NIFTY200 ALPHA 30,"NIFTY200 ALPHA 30",294409,NSE,EQ
14,NIFTY MULTI MFG,"NIFTY MULTI MFG",295177,NSE,EQ
15,NIFTY MULTI INFRA,"NIFTY MULTI INFRA",295433,NSE,EQ
16,NIFTY EV,"NIFTY EV & NEW AGE AUTOMOTIVE",405513,NSE,EQ
17,NIFTY HIGHBETA 50,"NIFTY HIGHBETA 50",405769,NSE,EQ
18,NIFTY MOBILITY,"NIFTY MOBILITY",406281,NSE,EQ
19,NIFTY QLTY LV 30,"NIFTY QUALITY LOW VOLATILITY 30",407049,NSE,EQ
20,NIFTY TOP 10 EW,"NIFTY TOP 10 EQUAL WEIGHT",407561,NSE,EQ
21,NIFTY100 ENH ESG,"NIFTY100 ENHANCED ESG",408585,NSE,EQ
22,NIFTY200 VALUE 30,"NIFTY200 VALUE 30",408841,NSE,EQ
23,NIFTY HOUSING,"NIFTY HOUSING",410889,NSE,EQ
24,ABB,"ABB INDIA",3329,NSE,EQ
25,STYRENIX,"STYRENIX PERFORMANCE",4865,NSE,EQ
26,ACC,"ACC",5633,NSE,EQ
27,ADANIENT,"ADANI ENTERPRISES",6401,NSE,EQ
28,HAPPSTMNDS,"HAPPIEST MINDS TECHNO",12289,NSE,EQ
29,ALEMBICLTD,"ALEMBIC",20225,NSE,EQ
30,BETA-SM,"BETA DRUGS",20737,NSE,EQ
31,APCOTEXIND,"APCOTEX INDUSTRIES LIMITE",39425,NSE,EQ
32,APOLLOHOSP,"APOLLO HOSPITALS ENTER. L",40193,NSE,EQ
33,APOLLOTYRE,"APOLLO TYRES",41729,NSE,EQ
34,ANDHRAPAP,"ANDHRA PAPER",42497,NSE,EQ
35,ASHIMASYN,"ASHIMA",52737,NSE,EQ
36,NIRAJ,"NIRAJ CEMENT STRUC",65281,NSE,EQ
37,ATUL,"ATUL",67329,NSE,EQ
38,CHEMCON,"CHEMCON SPECIAL CHEM",69121,NSE,EQ
39,GICRE,"GENERAL INS CORP OF INDIA",70913,NSE,EQ
40,AUTOAXLES,"AUTOMOTIVE AXLES",71169,NSE,EQ
41,BAJAJHLDNG,"BAJAJ HOLDINGS & INVS",78081,NSE,EQ
42,BAJAJHIND,"BAJAJ HINDUSTHAN SUGAR LT",78849,NSE,EQ
43,TIINDIA,"TUBE INVEST OF INDIA",79873,NSE,EQ
44,BALMLAWRIE,"BALMER LAWRIE & CO",86529,NSE,EQ
45,CAMS,"COMPUTER AGE MNGT SER",87553,NSE,EQ
46,BATAINDIA,"BATA INDIA",94977,NSE,EQ
47,BEL,"BHARAT ELECTRONICS",98049,NSE,EQ
48,MAHLOG,"MAHINDRA LOGISTIC",98561,NSE,EQ
49,BEPL,"BHANSALI ENG. POLYMERS LT",107265,NSE,EQ
50,BHARATFORG,"BHARAT FORGE",108033,NSE,EQ
51,KHADIM,"KHADIM INDIA",108801,NSE,EQ
52,IFGLEXPOR,"IFGL REFRACTORIES",111617,NSE,EQ
53,BHEL,"BHEL",112129,NSE,EQ
54,OSWALGREEN,"OSWAL GREENTECH",120577,NSE,EQ
55,3MINDIA,"3M INDIA",121345,NSE,EQ
56,BIRLACORPN,"BIRLA CORPORATION",122881,NSE,EQ
57,ICICIB22,"ICICIPRAMC - BHARATIWIN",133633,NSE,EQ
58,BPCL,"BHARAT PETROLEUM CORP  LT",134657,NSE,EQ
59,BPL,"BPL",135681,NSE,EQ
60,LIKHITHA,"LIKHITHA INFRASTRUC",147969,NSE,EQ
61,CANFINHOME,"CAN FIN HOMES",149249,NSE,EQ
62,CARBORUNIV,"CARBORUNDUM UNIVERSAL",152321,NSE,EQ
63,865IRFC29-NA,"865IRFC29-NA",154369,NSE,EQ
64,CENTENKA,"CENTURY ENKA",158465,NSE,EQ
65,SHALBY,"SHALBY",182785,NSE,EQ
66,COROMANDEL,"COROMANDEL INTERNTL.",189185,NSE,EQ
67,CRISIL,"CRISIL",193793,NSE,EQ
68,CGPOWER,"CG POWER AND IND SOL",194561,NSE,EQ
69,DABUR,"DABUR INDIA",197633,NSE,EQ
70,DEEPAKFERT,"DEEPAK FERTILIZERS & PETR",211713,NSE,EQ
71,EICHERMOT,"EICHER MOTORS",232961,NSE,EQ
72,ORCHPHARMA,"ORCHID PHARMA",237057,NSE,EQ
73,667GS2050-GS,"GOI LOAN  6.67% 2050",244737,NSE,EQ
74,ESCORTS,"ESCORTS KUBOTA",245249,NSE,EQ
75,EPL,"EPL",251137,NSE,EQ
76,EVERESTIND,"EVEREST INDUSTRIES",254209,NSE,EQ
77,FEDERALBNK,"FEDERAL BANK",261889,NSE,EQ
78,AARON,"AARON INDUSTRIES",263681,NSE,EQ
79,FINPIPE,"FINOLEX INDUSTRIES",266497,NSE,EQ
80,AXISBNKETF,"AXISAMC - AXISBNKETF",267265,NSE,EQ
81,UFLEX,"UFLEX",269569,NSE,EQ
82,FOSECOIND,"FOSECO INDIA",274689,NSE,EQ
83,ZENSARTECH,"ZENSAR TECHNOLOGIES ",275457,NSE,EQ
84,GABRIEL,"GABRIEL INDIA",277761,NSE,EQ
85,GIPCL,"GUJ IND POW CO.",293121,NSE,EQ
86,GLAXO,"GLAXOSMITHKLINE PHARMA LT",295169,NSE,EQ
87,GLFL,"GUJARAT LEASE FINANCING L",295937,NSE,EQ
88,GTL,"GTL",297473,NSE,EQ
89,NEWGEN,"NEWGEN SOFTWARE TECH",297985,NSE,EQ
90,ESG,"MIRAEAMC - MAESGETF",307201,NSE,EQ
91,DELTAMAGNT,"DELTA MANUFACTURING",310785,NSE,EQ
92,PRAXIS-BE,"PRAXIS HOME RETAIL",311297,NSE,EQ
93,CASTROLIND,"CASTROL INDIA",320001,NSE,EQ
94,GUJALKALI,"GUJARAT ALKALIES & CHEM",324353,NSE,EQ
95,AMBUJACEM,"AMBUJA CEMENTS",325121,NSE,EQ
96,GFLLIMITED,"GFL",329985,NSE,EQ
97,HARRMALAYA,"HARRISON MALAYALAM",336129,NSE,EQ
98,HINDALCO,"HINDALCO  INDUSTRIES ",348929,NSE,EQ
99,HINDCOMPOS,"HINDUSTAN COMPOSITES",351233,NSE,EQ
100,HCC,"HINDUSTAN CONSTRUCTION CO",352001,NSE,EQ
101,HINDOILEXP,"HINDUSTAN OIL EXPLORATION",359169,NSE,EQ
102,HINDPETRO,"HINDUSTAN PETROLEUM CORP",359937,NSE,EQ
103,AGI,"AGI GREENPAC",361473,NSE,EQ
104,HINDZINC,"HINDUSTAN ZINC",364545,NSE,EQ
105,MHHL-SM,"MOHINI HEALTH&HYGIENE",365057,NSE,EQ
106,SANOFI,"SANOFI INDIA",369153,NSE,EQ
107,HLVLTD,"HLV",370689,NSE,EQ
108,BIRLANU,"BIRLANU",372481,NSE,EQ
109,ASTERDM,"ASTER DM HEALTHCARE",386049,NSE,EQ
110,INDHOTEL,"THE INDIAN HOTELS CO.",387073,NSE,EQ
111,INDIACEM,"THE INDIA CEMENTS",387841,NSE,EQ
112,INDIAGLYCO,"INDIA GLYCOLS",389377,NSE,EQ
113,INDIANHUME,"INDIAN HUME PIPE CO.",391681,NSE,EQ
114,GODHA-BE,"GODHA CABCON INSULAT",412161,NSE,EQ
115,IOC,"INDIAN OIL CORP",415745,NSE,EQ
116,IONEXCHANG,"ION EXCHANGE (INDIA)",417281,NSE,EQ
117,ITC,"ITC",424961,NSE,EQ
118,SUNDROP,"SUNDROP BRANDS",425729,NSE,EQ
119,JAYSREETEA,"JAYSHREE TEA & INDUSTRIES",440321,NSE,EQ
120,JBCHEPHARM,"J B CHEMICALS AND PHARMA",441857,NSE,EQ
121,KAJARIACER,"KAJARIA CERAMICS",462849,NSE,EQ
122,KAKATCEM,"KAKATIYA CEM SUGAR &IND L",463617,NSE,EQ
123,KPIL,"KALPATARU PROJECT INT",464385,NSE,EQ
124,KAMATHOTEL,"KAMAT HOTELS (I)",467457,NSE,EQ
125,KANORICHEM,"KANORIA CHEMICALS & INDUS",469761,NSE,EQ
126,CARYSIL,"CARYSIL",481025,NSE,EQ
127,KSB,"KSB",498945,NSE,EQ
128,TRENT,"TRENT",502785,NSE,EQ
129,LUMAXIND,"LUMAX INDUSTRIES",516609,NSE,EQ
130,LYKALABS,"LYKA LABS",519169,NSE,EQ
131,IRFC,"INDIAN RAILWAY FIN CORP L",519425,NSE,EQ
132,M&M,"MAHINDRA & MAHINDRA",519937,NSE,EQ
133,MAHSCOOTER,"MAHARASHTRA SCOOTERS",533761,NSE,EQ
134,MAHSEAMLES,"MAHARASHTRA SEAMLESS",534529,NSE,EQ
135,MFSL,"MAX FINANCIAL SERV",548353,NSE,EQ
136,BDL,"BHARAT DYNAMICS",548865,NSE,EQ
137,RAJMET,"RAJNANDINI METAL",555009,NSE,EQ
138,PENINLAND,"PENINSULA LAND",577537,NSE,EQ
139,MOREPENLAB,"MOREPEN LAB.",578305,NSE,EQ
140,MUNJALSHOW,"MUNJAL SHOWA",590593,NSE,EQ
141,NCC,"NCC",593665,NSE,EQ
142,SMCGLOBAL,"SMC GLOBAL SECURITIES",593921,NSE,EQ
143,CPSEETF,"CPSE ETF",595969,NSE,EQ
144,JAYNECOIND,"JAYASWAL NECO INDUSTR",596737,NSE,EQ
145,NURECA,"NURECA",601601,NSE,EQ
146,NAVNETEDUL,"NAVNEET EDUCATION",610561,NSE,EQ
147,NEULANDLAB,"NEULAND LAB",615937,NSE,EQ
148,NILKAMAL,"NILKAMAL",619777,NSE,EQ
149,CONSUMBEES,"NIP IND ETF CONSUMPTION",623361,NSE,EQ
150,NKIND,"NK INDUSTRIES",624385,NSE,EQ
151,NOCIL,"NOCIL",625153,NSE,EQ
152,ORIENTHOT,"ORIENT HOTELS",638209,NSE,EQ
153,OSWALAGRO,"OSWAL AGRO MILLS",643585,NSE,EQ
154,PGHH,"P&G HYGIENE & HEALTH CARE",648961,NSE,EQ
155,IT,"KOTAKMAMC - KOTAKIT",672513,NSE,EQ
156,PIDILITIND,"PIDILITE INDUSTRIES",681985,NSE,EQ
157,MTARTECH,"MTAR TECHNOLOGIES",693505,NSE,EQ
158,BUTTERFLY,"BTRFLY GANDHI APPL",695297,NSE,EQ
159,PRECWIRE,"PRECISION WIRES INDIA",695553,NSE,EQ
160,PRSMJOHNSN,"PRISM JOHNSON",701185,NSE,EQ
161,RCF,"RASHTRIYA CHEMICALS & FER",733697,NSE,EQ
162,HITECH,"HI-TECH PIPES",734209,NSE,EQ
163,96IIFL28A-NF,"96IIFL28A-NF",736513,NSE,EQ
164,RELIANCE,"RELIANCE INDUSTRIES",738561,NSE,EQ
165,RICOAUTO,"RICO AUTO INDUSTRIES",744705,NSE,EQ
166,RIIL,"RELIANCE INDUSTRIAL INFRA",745473,NSE,EQ
167,SOTL,"SAVITA OIL TECHNOLO.",773377,NSE,EQ
168,SCI,"SHIPPING CORP OF INDIA LT",780289,NSE,EQ
169,VEDL,"VEDANTA",784129,NSE,EQ
170,SESHAPAPER,"SESHASAYEE PAPER & BOARDS",784897,NSE,EQ
171,SHANTIGEAR,"SHANTHI GEARS",787969,NSE,EQ
172,BORORENEW,"BOROSIL RENEWABLES",806145,NSE,EQ
173,SIEMENS,"SIEMENS",806401,NSE,EQ
174,SIMPLEXINF,"SIMPLEX INFRASTRUCTURES L",809473,NSE,EQ
175,GILT5YBEES,"RELCAPAMC - NETFGILT5Y",812033,NSE,EQ
176,SKFINDIA,"SKF INDIA",815617,NSE,EQ
177,LODHA,"LODHA DEVELOPERS",824321,NSE,EQ
178,JTEKTINDIA,"JTEKT INDIA",828673,NSE,EQ
179,NITIRAJ,"NITIRAJ ENGINEERS",831233,NSE,EQ
180,SPIC,"SPIC",832513,NSE,EQ
181,SRF,"SRF",837889,NSE,EQ
182,TEMBO,"TEMBO GLOBAL IND",838401,NSE,EQ
183,STARPAPER,"STAR PAPER MILLS",842497,NSE,EQ
184,DEEPINDS,"DEEP INDUSTRIES",842753,NSE,EQ
185,MODISONLTD,"MODISON",848897,NSE,EQ
186,SPMLINFRA,"SPML INFRA",850177,NSE,EQ
187,SURYAROSNI,"SURYA ROSHNI",864001,NSE,EQ
188,SWARAJENG,"SWARAJ ENGINES",866305,NSE,EQ
189,SMLISUZU,"SML ISUZU",867073,NSE,EQ
190,AGARIND,"AGARWAL INDS CORP",867585,NSE,EQ
191,TFCILTD,"TOURISM FINANCE CORP. OF",887297,NSE,EQ
192,PGINVIT-IV,"POWERGRID INFRA. INVITS",894465,NSE,EQ
193,TIRUMALCHM,"THIRUMALAI CHEMICALS",894977,NSE,EQ
194,MAFANG,"MIRAEAMC - MAFANG",897793,NSE,EQ
195,TNTELE,"TAMILNADU TELECOMMUNICATI",899073,NSE,EQ
196,TORNTPHARM,"TORRENT PHARMACEUTICALS L",900609,NSE,EQ
197,UNICHEMLAB,"UNICHEM LABORATORIES",916225,NSE,EQ
198,MOKSH,"MOKSH ORNAMENTS",918017,NSE,EQ
199,UNITECH,"UNITECH",920065,NSE,EQ
200,UNIVCABLES,"UNIVERSAL CABLES",923393,NSE,EQ
201,AXISHCETF,"AXISAMC - AXISHCETF",923649,NSE,EQ
202,SOLARA,"SOLARA ACTIVE PHA SCI",940033,NSE,EQ
203,VESUVIUS,"VESUVIUS INDIA",941057,NSE,EQ
204,VINDHYATEL,"VINDHYA TELELINKS",945665,NSE,EQ
205,VOLTAS,"VOLTAS",951809,NSE,EQ
206,TATACOMM,"TATA COMMUNICATIONS",952577,NSE,EQ
207,VSTIND,"VST INDUSTRIES",953345,NSE,EQ
208,WALCHANNAG,"WALCHANDNAGAR INDUSTRIES",956417,NSE,EQ
209,FINEORG,"FINE ORGANIC IND.",958465,NSE,EQ
210,WEIZMANIND,"WEIZMANN",959489,NSE,EQ
211,VENKEYS,"VENKY S (INDIA)",961793,NSE,EQ
212,RITES,"RITES",962817,NSE,EQ
213,WHEELS,"WHEELS INDIA",964097,NSE,EQ
214,TOKYOPLAST,"TOKYO PLAST INTL",982273,NSE,EQ
215,VARROC,"VARROC ENGINEERING",987393,NSE,EQ
216,HATSUN,"HATSUN AGRO PRODUCT",996353,NSE,EQ
217,EIMCOELECO,"EIMCO ELECON (INDIA)",1034241,NSE,EQ
218,ZENITHEXPO,"ZENITH EXPORTS",1069057,NSE,EQ
219,SUNDRMBRAK,"SUNDARAM BRAK LININGS",1069825,NSE,EQ
220,SANGAMIND,"SANGAM (INDIA)",1071105,NSE,EQ
221,MOTHERSON,"SAMVRDHNA MTHRSN INTL",1076225,NSE,EQ
222,VISAKAIND,"VISAKA INDUSTRIES",1080577,NSE,EQ
223,HDFCAMC,"HDFC AMC",1086465,NSE,EQ
224,DENORA,"DE NORA INDIA",1095425,NSE,EQ
225,943ECL28-NJ,"943ECL28-NJ",1097729,NSE,EQ
226,985ECL28-NK,"985ECL28-NK",1098753,NSE,EQ
227,STERTOOLS,"STERLING TOOLS",1100545,NSE,EQ
228,SHRIRAMFIN,"SHRIRAM FINANCE",1102337,NSE,EQ
229,GULFOILLUB,"GULF OIL LUB. IND.",1124097,NSE,EQ
230,MIRZAINT,"MIRZA INTERNATIONAL LIMIT",1124865,NSE,EQ
231,JAGSNPHARM,"JAGSONPAL PHARMACEUTICALS",1128961,NSE,EQ
232,CREDITACC,"CREDITACCESS GRAMEEN",1131777,NSE,EQ
233,MPHASIS,"MPHASIS",1152769,NSE,EQ
234,SIGIND,"SIGNET INDUSTRIES",1157633,NSE,EQ
235,DYNAMATECH,"DYNAMATIC TECHNOLOGIES",1158401,NSE,EQ
236,NEXT50IETF,"ICICIPRAMC - ICICINXT50",1159425,NSE,EQ
237,GUJRAFFIA,"GUJARAT RAFFIA INDUST",1164289,NSE,EQ
238,KOTHARIPET,"KOTHARI PETROCHEM",1176065,NSE,EQ
239,SONACOMS,"SONA BLW PRECISION FRGS L",1199105,NSE,EQ
240,GAIL,"GAIL (INDIA)",1207553,NSE,EQ
241,BANKINDIA,"BANK OF INDIA",1214721,NSE,EQ
242,INDNIPPON,"INDIA NIPPON ELECT ",1215233,NSE,EQ
243,CONCOR,"CONTAINER CORP OF IND",1215745,NSE,EQ
244,INDRAMEDCO,"INDRAPRASTHA MEDICAL CORP",1216257,NSE,EQ
245,RELINFRA-BE,"RELIANCE INFRASTRUCTU",1226497,NSE,EQ
246,KCPSUGIND,"KCP SUGAR IND CORP",1231105,NSE,EQ
247,DODLA,"DODLA DAIRY",1234433,NSE,EQ
248,SNOWMAN,"SNOWMAN LOGISTICS",1239809,NSE,EQ
249,KIMS,"KRISHNA INST OF MED SCI L",1240833,NSE,EQ
250,IPL,"INDIA PESTICIDES",1263105,NSE,EQ
251,PHARMABEES,"NIPPONAMC - NETFPHARMA",1273089,NSE,EQ
252,IRCON,"IRCON INTERNATIONAL",1276417,NSE,EQ
253,SHARDACROP,"SHARDA CROPCHEM",1277953,NSE,EQ
254,ETERNAL,"ETERNAL - ZOMATO",1304833,NSE,EQ
255,SGIL,"SYNERGY GREEN IND.",1309185,NSE,EQ
256,CIGNITITEC,"CIGNITI TECHNOLOGIES",1316353,NSE,EQ
257,JAICORPLTD,"JAI CORP",1316609,NSE,EQ
258,STYLAMIND,"STYLAM INDUSTRIES",1327617,NSE,EQ
259,ANTGRAPHIC,"ANTARCTICA",1329665,NSE,EQ
260,GMDCLTD,"GUJARAT MINERAL DEV CORP",1332225,NSE,EQ
261,10IIFL28-N4,"10IIFL28-N4",1334273,NSE,EQ
262,96IIFL28-N5,"96IIFL28-N5",1334785,NSE,EQ
263,BFSI,"MIRAEAMC - MAFSETF",1336321,NSE,EQ
264,FMCGIETF,"ICICIPRAMC - ICICIFMCG",1358337,NSE,EQ
265,UGROCAP,"UGRO CAPITAL",1360129,NSE,EQ
266,CARTRADE,"CARTRADE TECH",1384193,NSE,EQ
267,NUVOCO,"NUVOCO VISTAS CORP",1389057,NSE,EQ
268,APTUS,"APTUS VALUE HSG FIN I",1391361,NSE,EQ
269,GRSE,"GARDEN REACH SHIP&ENG",1401601,NSE,EQ
270,YUKEN,"YUKEN INDIA",1408257,NSE,EQ
271,SERVOTECH,"SERVOTECH REN POW SYS",1409793,NSE,EQ
272,JAIPURKURT,"NANDANI CREATION",1412097,NSE,EQ
273,KOTHARIPRO,"KOTHARI PRODUCTS",1415169,NSE,EQ
274,SHANTI,"SHANTI OVERSEAS INDIA",1446401,NSE,EQ
275,BEWLTD-SM,"BEW ENGINEERING",1449473,NSE,EQ
276,CYIENT,"CYIENT",1471489,NSE,EQ
277,SANSERA,"SANSERA ENGINEERING",1472257,NSE,EQ
278,MASPTOP50,"MIRAEAMC - MASPTOP50",1480193,NSE,EQ
279,BANKNIFTY1,"KOTAKMAMC-KOTAKBKETF",1497857,NSE,EQ
280,PRECOT-BE,"PRECOT",1506305,NSE,EQ
281,PASUPTAC,"PASUPATI ACRYLON",1547521,NSE,EQ
282,LICNETFGSC,"LICNAMC - LICNMFET",1551873,NSE,EQ
283,AIROLAM,"AIRO LAM",1553409,NSE,EQ
284,DYNAMIC-SM,"DYNAMIC SRVCS & SEC",1556225,NSE,EQ
285,CAMLINFINE,"CAMLIN FINE SCIENCES",1591297,NSE,EQ
286,SIKKO,"SIKKO INDUSTRIES",1591809,NSE,EQ
287,3IINFOLTD,"3I INFOTECH",1595393,NSE,EQ
288,PVP-BE,"PVP VENTURES",1605889,NSE,EQ
289,APOLSINHOT,"APOLLO SINDOORI HOTEL",1613313,NSE,EQ
290,NIFTYETF,"MIRAEAMC - MAN50ETF",1626369,NSE,EQ
291,CONSUMIETF,"ICICIPRAMC - ICICICONSU",1650177,NSE,EQ
292,SHUBHLAXMI-SM,"SHUBHLAXMI JEWEL ART",1651457,NSE,EQ
293,TECH,"BIRLASLAMC - TECH",1654273,NSE,EQ
294,NIDAN-SM,"NIDAN LABS AND HEALTH",1687553,NSE,EQ
295,GENUSPAPER,"GENUS P&B",1689601,NSE,EQ
296,EQUAL50ADD,"DSPAMC - DSPNEWETF",1691137,NSE,EQ
297,POLICYBZR,"PB FINTECH",1703937,NSE,EQ
298,NIPPOBATRY,"INDO-NATIONAL",1736193,NSE,EQ
299,SBC,"SBC EXPORTS",1738753,NSE,EQ
300,STEELCAS,"STEELCAST",1741569,NSE,EQ
301,TARSONS,"TARSONS PRODUCTS",1777409,NSE,EQ
302,GANECOS,"GANESHA ECOSPHERE",1777665,NSE,EQ
303,LINC,"LINC",1779457,NSE,EQ
304,MENONBE,"MENON BEARINGS",1782017,NSE,EQ
305,GOCOLORS,"GO FASHION INDIA",1782785,NSE,EQ
306,DMCC,"DMCC SPECIALITY CHEMICALS",1785089,NSE,EQ
307,HESTERBIO,"HESTER BIOSCIENCES",1804289,NSE,EQ
308,ZODIAC-BE,"ZODIAC ENERGY",1827329,NSE,EQ
309,RATEGAIN,"RATEGAIN TRAVEL TECHN",1837313,NSE,EQ
310,BBETF0432,"EDELAMC - BBETF0432",1842177,NSE,EQ
311,SHRIRAMPPS,"SHRIRAM PROPERTIES",1843201,NSE,EQ
312,DCMSRIND,"DCM SHRIRAM IND",1875201,NSE,EQ
313,ABSLNN50ET,"BIRLASLAMC - ABSLNN50ET",1878785,NSE,EQ
314,SETFNN50,"SBI-ETF NIFTY NEXT 50",1882369,NSE,EQ
315,MONQ50,"MOTILALAMC - MONQ50",1900033,NSE,EQ
316,NILASPACES-BE,"NILA SPACES",1907201,NSE,EQ
317,MIDQ50ADD,"DSPAMC - DSPQ50ETF",1908737,NSE,EQ
318,MANAKSTEEL-BE,"MANAKSIA STEELS",1915393,NSE,EQ
319,WOCKPHARMA,"WOCKHARDT",1921537,NSE,EQ
320,ZENTEC,"ZEN TECHNOLOGIES",1922049,NSE,EQ
321,TREJHARA,"TREJHARA SOLUTIONS",1924609,NSE,EQ
322,LCCINFOTEC,"LCC INFOTECH",1927425,NSE,EQ
323,NRBBEARING,"NRB BEARING",1933569,NSE,EQ
324,UNITEDPOLY-BE,"UNITED POLYFAB GUJ.",1936385,NSE,EQ
325,CMSINFO,"CMS INFO SYSTEMS",1946369,NSE,EQ
326,ALPSINDUS-BE,"ALPS INDUSTRIES",1951489,NSE,EQ
327,SHREERAMA-BE,"SHREE RAMA MULTI TECH",1954305,NSE,EQ
328,WEL,"WONDER ELECTRICALS",2005761,NSE,EQ
329,NETF,"TATAAML - NETF",2006529,NSE,EQ
330,GVPIL,"GE POWER INDIA",2012673,NSE,EQ
331,AUTOBEES,"NIPPONAMC - NETFAUTO",2017281,NSE,EQ
332,MHLXMIRU,"MAHALAXMI RUBTECH",2018817,NSE,EQ
333,AVANTIFEED,"AVANTI FEEDS",2031617,NSE,EQ
334,SILVERIETF,"ICICIPRAMC - ICICISILVE",2033153,NSE,EQ
335,MALLCOM,"MALLCOM (INDIA)",2039041,NSE,EQ
336,MAKEINDIA,"MIRAEAMC - MAMFGETF",2042625,NSE,EQ
337,GRWRHITECH,"GARWARE HI-TECH FILMS",2043393,NSE,EQ
338,SILVER,"BIRLASLAMC - SILVER",2048769,NSE,EQ
339,CINEVISTA,"CINEVISTA",2054145,NSE,EQ
340,AJANTPHARM,"AJANTA PHARMA",2079745,NSE,EQ
341,BLBLIMITED,"BLB",2081793,NSE,EQ
342,PRITI,"PRITI INTERNATIONAL",2125825,NSE,EQ
343,BLUESTARCO,"BLUE STAR",2127617,NSE,EQ
344,GSEC5IETF,"ICICIPRAMC - ICICI5GSEC",2135553,NSE,EQ
345,MITCON,"MITCON CON & ENG SER",2168065,NSE,EQ
346,XELPMOC,"XELPMOC DESIGN & TECH",2170113,NSE,EQ
347,TVSMOTOR,"TVS MOTOR COMPANY ",2170625,NSE,EQ
348,COOLCAPS-SM,"COOL CAPS INDUSTRIES",2191361,NSE,EQ
349,HITECHGEAR-BE,"THE HI-TECH GEARS",2193409,NSE,EQ
350,INDOBORAX-BE,"INDO BORAX & CHEMICAL",2207489,NSE,EQ
351,LOWVOL1,"KOTAKMAMC - KOTAKLOVOL",2209793,NSE,EQ
352,DIL,"DEBOCK INDUSTRIES",2216193,NSE,EQ
353,MUKTAARTS,"MUKTA ARTS",2223873,NSE,EQ
354,VRLLOG,"VRL LOGISTICS",2226177,NSE,EQ
355,PROPEQUITY-SM,"P. E. ANALYTICS",2236161,NSE,EQ
356,PNBGILTS,"PNB GILTS",2236417,NSE,EQ
357,GAEL,"GUJARAT AMBUJA EXPORTS LT",2259969,NSE,EQ
358,USHAMART,"USHA MARTIN",2263041,NSE,EQ
359,UMAEXPORTS-BE,"UMA EXPORTS",2264321,NSE,EQ
360,TNIDETF,"TATAAML - TNIDETF",2273793,NSE,EQ
361,VERANDA,"VERANDA LEARNING SOL",2275841,NSE,EQ
362,TTML,"TATA TELESERV(MAHARASTRA)",2292225,NSE,EQ
363,HARDWYN,"HARDWYN INDIA",2294273,NSE,EQ
364,HARIOMPIPE,"HARIOM PIPE INDUSTRIES L",2295809,NSE,EQ
365,UMIYA-MRO,"UMIYA BUILDCON",2303489,NSE,EQ
366,VCL,"VAXTEX COTFAB",2309121,NSE,EQ
367,710GS2029-GS,"GOI LOAN 7.10% 2029",2316033,NSE,EQ
368,SOMATEX-BE,"SOMA TEXTILEI NDUSTRIES L",2330625,NSE,EQ
369,INDOAMIN,"INDO AMINES",2333697,NSE,EQ
370,TPLPLASTEH,"TPL PLASTECH",2360065,NSE,EQ
371,KRITIKA,"KRITIKA WIRES",2377729,NSE,EQ
372,GINNIFILA-BE,"GINNIFILAMENTS",2379265,NSE,EQ
373,STARTECK,"STARTECK FINANCE",2382081,NSE,EQ
374,PNC-BE,"PRITISH NANDY COMMUNICATI",2392577,NSE,EQ
375,IOB,"INDIAN OVERSEAS BANK",2393089,NSE,EQ
376,TAJGVK,"TAJ GVK HOTELS & RESORTS",2394625,NSE,EQ
377,LEMERITE-SM,"LE MERITE EXPORTS",2399233,NSE,EQ
378,IL&FSENGG-BZ,"IL&FS ENG AND CONS CO",2401281,NSE,EQ
379,BHARATGEAR-BE,"BHARAT GEARS",2405633,NSE,EQ
380,RAINBOW,"RAINBOW CHILDRENS MED",2408449,NSE,EQ
381,SILVERTUC,"SILVER TOUCH TECHNO",2412033,NSE,EQ
382,AXISCADES-BE,"AXISCADES TECH",2416641,NSE,EQ
383,LICI,"LIFE INSURA CORP OF INDIA",2426881,NSE,EQ
384,RELCHEMQ,"RELIANCE CHEMOTEX IND",2470913,NSE,EQ
385,SOUTHWEST,"SOUTH WEST PINNACLE",2477569,NSE,EQ
386,KPITTECH,"KPIT TECHNOLOGIES",2478849,NSE,EQ
387,TRIDENT,"TRIDENT",2479361,NSE,EQ
388,RILINFRA-SM,"RACHANA INFRA",2522625,NSE,EQ
389,FIDEL-SM,"FIDEL SOFTECH",2523649,NSE,EQ
390,WEWIN,"WE WIN",2524673,NSE,EQ
391,NEXTMEDIA,"NEXT MEDIAWORKS",2525953,NSE,EQ
392,GOLDTECH,"AION-TECH SOLUTIONS",2527745,NSE,EQ
393,NEOGEN,"NEOGEN CHEMICALS",2538753,NSE,EQ
394,ALANKIT,"ALANKIT",2539777,NSE,EQ
395,VIKASLIFE,"VIKAS LIFECARE",2542337,NSE,EQ
396,ONEPOINT,"ONE POINT ONE SOL",2544385,NSE,EQ
397,BALKRISHNA,"BALKRISHNA PAPER MILLS L",2606337,NSE,EQ
398,SHYAMCENT,"SHYAM CENTURY FERROUS",2608129,NSE,EQ
399,MANORAMA,"MANORAMA INDUSTRIES",2618113,NSE,EQ
400,CONFIPET,"CONFIDENCE PETRO IND",2620929,NSE,EQ
401,SYNGENE,"SYNGENE INTERNATIONAL",2622209,NSE,EQ
402,AYMSYNTEX,"AYM SYNTEX",2632961,NSE,EQ
403,RAMASTEEL,"RAMA STEEL TUBES",2636801,NSE,EQ
404,AURUM,"AURUM PROPTECH",2639361,NSE,EQ
405,PKTEA-BE,"THE P K TEA PROD CO",2641409,NSE,EQ
406,RADHIKAJWE,"RADHIKA JEWELTECH",2647809,NSE,EQ
407,CSLFINANCE,"CSL FINANCE",2649601,NSE,EQ
408,DGCONTENT-BE,"DIGICONTENT",2651649,NSE,EQ
409,STEELCITY,"STEEL CITY SECURITIES",2663937,NSE,EQ
410,MUTHOOTCAP,"MUTHOOT CAP SERV",2666241,NSE,EQ
411,DYCL,"DYNAMIC CABLES",2666753,NSE,EQ
412,LUPIN,"LUPIN",2672641,NSE,EQ
413,UNITDSPR,"UNITED SPIRITS",2674433,NSE,EQ
414,SATIN,"SATIN CREDIT NET",2675969,NSE,EQ
415,ARVSMART,"ARVIND SMARTSPACES",2676993,NSE,EQ
416,POWERMECH,"POWER MECH PROJECTS",2681089,NSE,EQ
417,UTISENSETF,"UTIAMC - UTISENSETF",2691841,NSE,EQ
418,SHARDAMOTR,"SHARDA MOTOR INDS",2695681,NSE,EQ
419,RAMAPHO,"RAMA PHOSPHATES",2705409,NSE,EQ
420,BHARTIARTL,"BHARTI AIRTEL",2714625,NSE,EQ
421,LOYALTEX-BE,"LOYAL TEXTILE MILLS",2714881,NSE,EQ
422,ASAL,"AUTOMOTIVE STAMPINGS & AS",2722305,NSE,EQ
423,OLECTRA,"OLECTRA GREENTECH",2723073,NSE,EQ
424,PONNIERODE,"PONNIE SUGARS (ERODE)",2729217,NSE,EQ
425,726GS2032-GS,"GOI LOAN  7.26% 2032",2744833,NSE,EQ
426,INFRAIETF,"ICICIPRAMC - ICICIINFRA",2745089,NSE,EQ
427,SPORTKING,"SPORTKING INDIA",2747649,NSE,EQ
428,OFSS,"ORACLE FIN SERV SOFT",2748929,NSE,EQ
429,UNIONBANK,"UNION BANK OF INDIA",2752769,NSE,EQ
430,APTECHT,"APTECH",2753281,NSE,EQ
431,SILVERADD,"DSPAMC - DSPSILVETF",2754817,NSE,EQ
432,OAL,"ORIENTAL AROMATICS",2756609,NSE,EQ
433,DREAMFOLKS-BE,"DREAMFOLKS SERVICES",2780673,NSE,EQ
434,GVPTECH,"GVP INFOTECH",2781441,NSE,EQ
435,GODREJIND,"GODREJ INDUSTRIES",2796801,NSE,EQ
436,736GS2052-GS,"GOI LOAN  7.36% 2052",2798337,NSE,EQ
437,JUNIORBEES,"NIP IND ETF JUNIOR BEES",2800385,NSE,EQ
438,DIVISLAB,"DIVI S LABORATORIES",2800641,NSE,EQ
439,VIVIANA-SM,"VIVIANA POWER TECH",2807553,NSE,EQ
440,74GS2062-GS,"GOI LOAN  7.4% 2062",2811137,NSE,EQ
441,RADICO,"RADICO KHAITAN",2813441,NSE,EQ
442,INDORAMA,"INDO RAMA SYNTHETICS",2814209,NSE,EQ
443,SECURKLOUD,"SECUREKLOUD TECH",2830849,NSE,EQ
444,KSOLVES,"KSOLVES INDIA",2831361,NSE,EQ
445,NATHBIOGEN-BE,"NATH BIO-GENES (I)",2833665,NSE,EQ
446,AGRITECH,"AGRI-TECH (INDIA)",2834433,NSE,EQ
447,LIBAS,"LIBAS CONSU PRODUCTS",2836993,NSE,EQ
448,SUMIT,"SUMIT WOODS",2851841,NSE,EQ
449,ANNAPURNA-SM,"ANNAPURNA SWADISHT",2866689,NSE,EQ
450,SHK,"S H KELKAR AND CO.",2870273,NSE,EQ
451,TVTODAY,"TV TODAY NETWORK",2886401,NSE,EQ
452,AFFLE,"AFFLE 3I",2903809,NSE,EQ
453,DHANBANK,"DHANLAXMI BANK",2907905,NSE,EQ
454,TTKHLTCARE,"TTK HEALTHCARE",2910465,NSE,EQ
455,TIPSFILMS,"TIPS FILMS",2911745,NSE,EQ
456,PVTBANIETF,"ICICIPRAMC - ICICIBANKP",2914817,NSE,EQ
457,SALZERELEC,"SALZER ELECTRONICS",2918145,NSE,EQ
458,POONAWALLA,"POONAWALLA FINCORP",2919169,NSE,EQ
459,XPROINDIA,"XPRO INDIA",2920193,NSE,EQ
460,RKFORGE,"RAMKRISHNA FORGINGS",2921217,NSE,EQ
461,CMRSL-SM,"CYBER MEDIA RES & SER",2930433,NSE,EQ
462,QMSMEDI-SM,"QMS MEDICAL ALLIED S",2935553,NSE,EQ
463,KRIDHANINF,"KRIDHAN INFRA",2938881,NSE,EQ
464,LT,"LARSEN & TOUBRO",2939649,NSE,EQ
465,APARINDS,"APAR INDUSTRIES",2941697,NSE,EQ
466,SWASTIK-SM,"SWASTIK PIPE",2941953,NSE,EQ
467,AMBICAAGAR,"AMBICA AGAR & AROMAINDLTD",2942977,NSE,EQ
468,FROG-SM,"FROG CELLSAT",2944257,NSE,EQ
469,TEXINFRA,"TEXMACO INFRA & HOLDG",2956545,NSE,EQ
470,DCI,"DC INFOTECH AND COMUN",2960897,NSE,EQ
471,FORCEMOT,"FORCE MOTORS",2962689,NSE,EQ
472,WESTLIFE,"WESTLIFE FOODWORLD",2964481,NSE,EQ
473,HDFCNIFTY,"HDFCAMC - HDFCNIFTY",2967297,NSE,EQ
474,HDFCSENSEX,"HDFCAMC - HDFCSENSEX",2967809,NSE,EQ
475,LINCOLN,"LINCOLN PHARMA",2968577,NSE,EQ
476,GUFICBIO,"GUFIC BIOSCIENCES",2971137,NSE,EQ
477,JBMA,"JBM AUTO",2983681,NSE,EQ
478,79NHIT35-N1,"79NHIT35-N1",2984449,NSE,EQ
479,79NHIT40-N2,"79NHIT40-N2",2986241,NSE,EQ
480,DWARKESH,"DWARIKESH SUGAR IND",2986753,NSE,EQ
481,INDOCO,"INDOCO REMEDIES",2989313,NSE,EQ
482,SUPRAJIT,"SUPRAJIT ENGINEERING",2992385,NSE,EQ
483,CONSOFINVT,"CONSO. FIN. & HOLD.",3003137,NSE,EQ
484,JINDALPHOT,"JINDAL PHOTO",3006209,NSE,EQ
485,GOKEX,"GOKALDAS EXPORTS",3015169,NSE,EQ
486,ACEINTEG,"ACE INTEGRATED SOLU.",3015425,NSE,EQ
487,EVEREADY,"EVEREADY INDS. IND. ",3016193,NSE,EQ
488,GOYALALUM,"GOYAL ALUMINIUMS",3017473,NSE,EQ
489,NH,"NARAYANA HRUDAYALAYA",3031041,NSE,EQ
490,CYBERMEDIA-BE,"CYBER MEDIA (INDIA)",3032321,NSE,EQ
491,SURYALAXMI,"SURYALAKSHMI COT MIL",3034113,NSE,EQ
492,SHAHALLOYS,"SHAH ALLOYS",3035137,NSE,EQ
493,JSWHL,"JSW HOLDINGS",3041281,NSE,EQ
494,MANINDS,"MAN INDUSTRIES (I)",3042305,NSE,EQ
495,VHL,"VARDHMAN HOLDINGS",3044353,NSE,EQ
496,SPLIL,"SPL INDUSTRIES",3055361,NSE,EQ
497,MCLEODRUSS,"MCLEOD RUSSEL INDIA",3057409,NSE,EQ
498,739NHAI26-N8,"739NHAI26-N8",3059713,NSE,EQ
499,SEMAC-BE,"SEMAC CONSTRUCTION",3062785,NSE,EQ
500,GOLDIAM,"GOLDIAM INTERNATIONAL",3064577,NSE,EQ
501,RML,"RANE (MADRAS)",3065601,NSE,EQ
502,HTMEDIA-BE,"HT MEDIA",3067393,NSE,EQ
503,SASKEN,"SASKEN TECHNOLOGIES",3067649,NSE,EQ
504,RENUKA,"SHREE RENUKA SUGARS",3078657,NSE,EQ
505,BASML,"BANNARI AM SPIN MILL",3080705,NSE,EQ
506,DOLATALGO,"DOLAT ALGOTECH",3103745,NSE,EQ
507,BBTCL,"B&B TRIPLEWALL CONT",3111169,NSE,EQ
508,SWSOLAR,"STRLNG & WIL REN ENE",3197185,NSE,EQ
509,PRECAM,"PRECISION CAMSHAFTS",3226369,NSE,EQ
510,MBAPL,"MADHYA BHARAT AGRO P.",3247617,NSE,EQ
511,TEAMLEASE,"TEAMLEASE SERVICES",3255297,NSE,EQ
512,SAFARI,"SAFARI IND (INDIA)",3336961,NSE,EQ
513,360ONE,"360 ONE WAM",3343617,NSE,EQ
514,IIFLCAPS,"IIFL CAPITAL SERVICES",3346433,NSE,EQ
515,TRIVENI,"TRIVENI ENGG. & INDS.",3348737,NSE,EQ
516,KERNEX,"KERNEX MICROSYS(I)",3358977,NSE,EQ
517,REPRO,"REPRO INDIA",3360257,NSE,EQ
518,JAGRAN,"JAGRAN PRAKASHAN",3382017,NSE,EQ
519,GVKPIL-BE,"GVK POW. & INFRA",3386625,NSE,EQ
520,SADBHAV,"SADBHAV ENGINEERING",3388417,NSE,EQ
521,JKCEMENT,"JK CEMENT",3397121,NSE,EQ
522,INDOTECH,"INDO TECH TRANSFORM",3398401,NSE,EQ
523,KEI,"KEI INDUSTRIES",3407361,NSE,EQ
524,SOLARINDS,"SOLAR INDUSTRIES (I)",3412993,NSE,EQ
525,GALLANTT,"GALLANTT ISPAT",3414273,NSE,EQ
526,VAKRANGEE,"VAKRANGEE",3415553,NSE,EQ
527,MALUPAPER,"MALU PAPER MILLS",3418113,NSE,EQ
528,KKCL,"KEWAL KIRAN CLOTHING",3425537,NSE,EQ
529,KELLTONTEC,"KELLTON TECH SOL",3438081,NSE,EQ
530,LOKESHMACH,"LOKESH MACHINES",3439617,NSE,EQ
531,BALPHARMA,"BAL PHARMA",3440897,NSE,EQ
532,RATNAMANI,"RATNAMANI MET & TUB",3443457,NSE,EQ
533,KAMDHENU,"KAMDHENU",3444993,NSE,EQ
534,PIONEEREMB,"PIONEER EMBROIDERIES",3446529,NSE,EQ
535,NECCLTD,"NORTH EAST CARRY CORP",3461633,NSE,EQ
536,VIDHIING,"VIDHI SPCLTY F INGRDNTS L",3465217,NSE,EQ
537,GRINDWELL,"GRINDWELL NORTON",3471361,NSE,EQ
538,RAMANEWS,"SHREE RAMA NEWSPRINT",3472641,NSE,EQ
539,MANUGRAPH-BE,"MANUGRAPH INDIA",3475201,NSE,EQ
540,ACE,"ACTION CONST EQUIP",3478273,NSE,EQ
541,ANTELOPUS,"ANTELOPUS SELAN ENRGY",3481089,NSE,EQ
542,IRCTC,"INDIAN RAIL TOUR CORP",3484417,NSE,EQ
543,ANANTRAJ,"ANANT RAJ",3486721,NSE,EQ
544,GEECEE,"GEECEE VENTURES",3496449,NSE,EQ
545,MADHUCON,"MADHUCON PROJECTS",3499777,NSE,EQ
546,NRL,"NUPUR RECYCLERS",3500801,NSE,EQ
547,INFOMEDIA-BE,"INFOMEDIA PRESS",3505665,NSE,EQ
548,FIEMIND,"FIEM INDUSTRIES",3509761,NSE,EQ
549,JHS,"JHS SVEND. LAB.",3512321,NSE,EQ
550,DCBBANK,"DCB BANK",3513601,NSE,EQ
551,INSPIRISYS,"INSPIRISYS SOLUTIONS",3514881,NSE,EQ
552,AARVEEDEN-BE,"AARVEE DEN. & EXP.",3526401,NSE,EQ
553,GESHIP,"THE GE SHPG.LTD",3526657,NSE,EQ
554,TORNTPOWER,"TORRENT POWER",3529217,NSE,EQ
555,PARSVNATH-BE,"PARSVNATH DEVELOPER",3531521,NSE,EQ
556,MANALIPETC,"MANALI PETROCHEMICALS LT",3531777,NSE,EQ
557,VENUSREM,"VENUS REMEDIES",3547905,NSE,EQ
558,KUANTUM,"KUANTUM PAPERS",3550721,NSE,EQ
559,JINDRILL,"JINDAL DRILLING IND.",3552001,NSE,EQ
560,CREST,"CREST VENTURES",3558401,NSE,EQ
561,HBLENGINE,"HBL ENGINEERING",3575297,NSE,EQ
562,TANLA,"TANLA PLATFORMS",3577857,NSE,EQ
563,AVTNPL,"AVT NATURAL PRODUCTS",3586049,NSE,EQ
564,LUMAXTECH,"LUMAX AUTO TECH",3587585,NSE,EQ
565,VEEDOL,"VEEDOL CORPORATION",3588865,NSE,EQ
566,SIYSIL,"SIYARAM SILK MILLS",3608577,NSE,EQ
567,PTL,"PTL ENTERPRISES",3609857,NSE,EQ
568,BTML,"BODHI TREE MULTIMEDIA",3622401,NSE,EQ
569,UNOMINDA,"UNO MINDA",3623425,NSE,EQ
570,CTE,"CAMBRIDGE TECH ENTER",3639809,NSE,EQ
571,TIIL,"TECHNOCRAFT IND",3641089,NSE,EQ
572,ORIENTBELL,"ORIENT BELL",3655169,NSE,EQ
573,SEQUENT,"SEQUENT SCIENTIFIC",3659777,NSE,EQ
574,PFC,"POWER FIN CORP",3660545,NSE,EQ
575,FSL,"FIRSTSOURCE SOLU.",3661825,NSE,EQ
576,ORIENTALTL,"ORIENTAL TRIMEX",3672577,NSE,EQ
577,AMDIND,"AMD INDUSTRIES",3685889,NSE,EQ
578,RAJTV,"RAJ TV NETWORK",3687169,NSE,EQ
579,PAGEIND,"PAGE INDUSTRIES",3689729,NSE,EQ
580,ASTRAL,"ASTRAL",3691009,NSE,EQ
581,LAOPALA,"LA OPALA RG",3692289,NSE,EQ
582,NAHARPOLY,"NAHAR POLY FILMS",3697921,NSE,EQ
583,EMBDL,"EMBASSY DEVELOPMENTS",3699201,NSE,EQ
584,LEXUS,"LEXUS GRANITO (INDIA)",3701505,NSE,EQ
585,ICRA,"ICRA",3717889,NSE,EQ
586,769NHAI31-NE,"769NHAI31-NE",3719425,NSE,EQ
587,GOLDSHARE,"UTI GOLD ETF",3720961,NSE,EQ
588,DISHTV,"DISH TV INDIA",3721473,NSE,EQ
589,ZENITHSTL,"ZENITH STEEL PIP IND",3727873,NSE,EQ
590,BFUTILITIE,"BF UTILITIES",3729153,NSE,EQ
591,SRHHYPOLTD,"SREE RAYALSEEMA HHP",3732993,NSE,EQ
592,FORTIS,"FORTIS HEALTHCARE",3735553,NSE,EQ
593,ALPHAGEO,"ALPHAGEO (INDIA)",3736833,NSE,EQ
594,ASIANTILES,"ASIAN GRANITO IND.",3811585,NSE,EQ
595,KPRMILL,"KPR MILL",3817473,NSE,EQ
596,CIEINDIA,"CIE AUTOMOTIVE INDIA",3823873,NSE,EQ
597,NAGREEKCAP,"NAGREEKA CAP & INFR.LTD",3825153,NSE,EQ
598,MOTILALOFS,"MOTILAL OSWAL FIN",3826433,NSE,EQ
599,INDOWIND,"INDOWIND ENERGY",3827713,NSE,EQ
600,MAGNUM,"MAGNUM VENTURES",3828993,NSE,EQ
601,CSBBANK,"CSB BANK",3831297,NSE,EQ
602,MAANALU,"MAAN ALUMINIUM",3844353,NSE,EQ
603,PSUBNKBEES,"NIP IND ETF PSU BANK BEES",3848193,NSE,EQ
604,BAJAJELEC,"BAJAJ ELECT.LTD",3848705,NSE,EQ
605,CERA,"CERA SANITARYWARE",3849985,NSE,EQ
606,DELTACORP,"DELTA CORP",3851265,NSE,EQ
607,ADANIPORTS,"ADANI PORT & SEZ",3861249,NSE,EQ
608,MADHAV,"MADHAV MARBLE & GRANITE",3878657,NSE,EQ
609,KALYANIFRG,"KALYANI FORGE",3879937,NSE,EQ
610,HITECHCORP,"HITECH CORPORATION",3881217,NSE,EQ
611,764IRFC31-NO,"764IRFC31-NO",3883009,NSE,EQ
612,TARIL,"TRANS & RECTI.",3884545,NSE,EQ
613,ECLERX,"ECLERX SERVICES",3885825,NSE,EQ
614,MANAKSIA,"MANAKSIA",3890945,NSE,EQ
615,BIRLAMONEY,"ADITYA BIRLA MONEY",3901185,NSE,EQ
616,KAVDEFENCE-BE,"KAVVERI DFS & WIR TEC",3903489,NSE,EQ
617,CEATLTD,"CEAT",3905025,NSE,EQ
618,HERCULES,"HERCULES HOI.",3913729,NSE,EQ
619,BANG,"BANG OVERSEAS",3917569,NSE,EQ
620,SEPC,"SEPC",3918849,NSE,EQ
621,IRB,"IRB INFRA DEV",3920129,NSE,EQ
622,RECLTD,"REC",3930881,NSE,EQ
623,NAHARCAP,"NAHAR CAP & FIN.",3932161,NSE,EQ
624,VGUARD,"V-GUARD IND",3932673,NSE,EQ
625,PDMJEPAPER,"PUDUMJEE PAPER PRO.",3936513,NSE,EQ
626,HCG,"HEALTHCARE GLOB. ENT.",3982081,NSE,EQ
627,AVG,"AVG LOGISTICS",3990785,NSE,EQ
628,HINDWAREAP,"HINDWARE HME INOVATON",4066049,NSE,EQ
629,PRINCEPIPE,"PRINCE PIPES FITTINGS",4107521,NSE,EQ
630,INFIBEAM,"INFIBEAM AVENUES",4159745,NSE,EQ
631,EBBETF0430,"EDELAMC - EBBETF0430",4160769,NSE,EQ
632,MMP,"MMP INDUSTRIES",4197121,NSE,EQ
633,VAISHALI,"VAISHALI PHARMA",4246785,NSE,EQ
634,ANIKINDS,"ANIK INDUSTRIES",4264193,NSE,EQ
635,SIGMA-BE,"SIGMA SOLVE",4265985,NSE,EQ
636,BAJAJ-AUTO,"BAJAJ AUTO",4267265,NSE,EQ
637,BAJAJFINSV,"BAJAJ FINSERV",4268801,NSE,EQ
638,GVT&D,"GE VERNOVA T&D INDIA",4296449,NSE,EQ
639,ARCHIDPLY,"ARCHIDPLY IND.",4299521,NSE,EQ
640,QNIFTY,"QUANTUM NIFTY 50 ETF",4305665,NSE,EQ
641,VINYLINDIA,"VINYL CHEMICALS (I)",4306177,NSE,EQ
642,KOKUYOCMLN,"KOKUYO CAMLIN",4307713,NSE,EQ
643,LPDC,"LANDMARK PR.DEV.CO.LTD",4316929,NSE,EQ
644,JOCIL,"JOCIL",4333313,NSE,EQ
645,INDBANK,"INDBANK MERCH BANK",4334849,NSE,EQ
646,COUNCODOS,"COUNTRY CONDO S",4348417,NSE,EQ
647,TPHQ,"TEAMO PRODUCTIONS HQ",4350977,NSE,EQ
648,SHARIABEES,"NIP IND ETF SHARIAH BEES",4363265,NSE,EQ
649,PALREDTEC,"PALRED TECHNOLOGIES",4367873,NSE,EQ
650,URAVIDEF,"URAVI DEFENCE &TECH",4370177,NSE,EQ
651,CROMPTON,"CROMPT GREA CON ELEC",4376065,NSE,EQ
652,PARAGMILK,"PARAG MILK FOODS",4385281,NSE,EQ
653,MIDCAPIETF,"ICICIPRAMC - ICICIM150",4390913,NSE,EQ
654,ALBERTDAVD,"ALBERT DAVID",4417537,NSE,EQ
655,ARMANFIN,"ARMAN FIN SERV",4419329,NSE,EQ
656,MHRIL,"MAHINDRA HOLIDAYS",4437249,NSE,EQ
657,SALONA,"SALONA COTSPIN",4441857,NSE,EQ
658,GKWLIMITED,"GKW",4443393,NSE,EQ
659,GLOBUSSPR,"GLOBUS SPIRITS",4460545,NSE,EQ
660,OIL,"OIL INDIA",4464129,NSE,EQ
661,SETCO,"SETCO AUTOMOTIVE",4483585,NSE,EQ
662,RTNPOWER,"RATTANINDIA POWER",4485121,NSE,EQ
663,MAHASTEEL,"MAHAMAYA STEEL INDS",4486913,NSE,EQ
664,MGL,"MAHANAGAR GAS",4488705,NSE,EQ
665,DAMODARIND,"DAMODAR INDUSTRIES",4490497,NSE,EQ
666,ZYDUSWELL,"ZYDUS WELLNESS",4514561,NSE,EQ
667,SUNTECK,"SUNTECK REALTY",4516097,NSE,EQ
668,POKARNA,"POKARNA",4518657,NSE,EQ
669,UNIVPHOTO-BE,"UNIVERSUS IMAGINGS",4521217,NSE,EQ
670,LTGILTBEES,"NIP IND ETF LONGTERM GILT",4531201,NSE,EQ
671,MIDSELIETF,"ICICI PRUD MIDCAP SEL ETF",4531713,NSE,EQ
672,QUESS,"QUESS CORP",4532225,NSE,EQ
673,DEN,"DEN NETWORKS",4536833,NSE,EQ
674,ASTEC,"ASTEC LIFESCIENCES",4538369,NSE,EQ
675,BAFNAPH-BE,"BAFNA PHARMACEUTICALS",4540161,NSE,EQ
676,SHILPAMED,"SHILPA MEDICARE",4544513,NSE,EQ
677,SARDAEN,"SARDA ENERGY & MIN",4546049,NSE,EQ
678,AHLUCONT,"AHLUWALIA CONT IND",4565249,NSE,EQ
679,GILLANDERS,"GILLANDERS ARBUTHNOT",4566785,NSE,EQ
680,DLINKINDIA,"D-LINK INDIA",4569857,NSE,EQ
681,GEEKAYWIRE,"GEEKAY WIRES",4588033,NSE,EQ
682,BAYERCROP,"BAYER CROPSCIENCE",4589313,NSE,EQ
683,BEARDSELL,"BEARDSELL",4590849,NSE,EQ
684,COHANCE,"COHANCE LIFESCIENCES",4593921,NSE,EQ
685,NESTLEIND,"NESTLE INDIA",4598529,NSE,EQ
686,SBICARD,"SBI CARDS & PAY SER",4600577,NSE,EQ
687,TRF,"TRF",4604673,NSE,EQ
688,WHIRLPOOL,"WHIRLPOOL OF INDIA",4610817,NSE,EQ
689,MBLINFRA,"MBL INFRASTRUCTURE",4615425,NSE,EQ
690,ADVENZYMES,"ADVANCED ENZYME TECH",4617985,NSE,EQ
691,MINDTECK,"MINDTECK (INDIA)",4620545,NSE,EQ
692,VASCONEQ,"VASCON ENGINEERS",4636161,NSE,EQ
693,THANGAMAYL,"THANGAMAYIL JEWELLERY",4638209,NSE,EQ
694,DBREALTY,"VALOR ESTATE",4639745,NSE,EQ
695,EMMBI,"EMMBI INDUSTRIES",4644353,NSE,EQ
696,KECL,"KIRLOSKAR ELECTRIC CO",4664321,NSE,EQ
697,MANINFRA,"MAN INFRA",4665857,NSE,EQ
698,SPAL,"S. P. APPARELS",4672513,NSE,EQ
699,PERSISTENT,"PERSISTENT SYSTEMS",4701441,NSE,EQ
700,NDGL,"NAGA DHUNSERI GROUP",4702977,NSE,EQ
701,RBLBANK,"RBL BANK",4708097,NSE,EQ
702,ASIANHOTNR,"ASIAN HOTELS (NORTH)",4716033,NSE,EQ
703,POWERINDIA,"HITACHI ENERGY INDIA",4724993,NSE,EQ
704,CUPID,"CUPID",4741121,NSE,EQ
705,LTTS,"L&T TECHNOLOGY SER.",4752385,NSE,EQ
706,GNA,"GNA AXLES",4754177,NSE,EQ
707,KIRLOSBROS,"KIRLOSKAR BROTHERS",4756737,NSE,EQ
708,MARATHON,"MARATHON NXTGEN REALT",4776705,NSE,EQ
709,HPL,"HPL ELECTRIC & POWER",4781825,NSE,EQ
710,AURDIS-SM,"AURANGABAD DISTILLERY",4803073,NSE,EQ
711,IDFNIFTYET,"BANDHANAMC - IDFNIFTYET",4808449,NSE,EQ
712,MAZDA,"MAZDA",4829697,NSE,EQ
713,SJVN,"SJVN",4834049,NSE,EQ
714,KSL,"KALYANI STEELS",4835585,NSE,EQ
715,KINGFA-BE,"KINGFA SCI & TEC IND",4850689,NSE,EQ
716,RAJRATAN,"RAJRATAN GLOBAL WIRE",4854273,NSE,EQ
717,KAPSTON,"KAPSTON SERVICES",4855553,NSE,EQ
718,UNIVASTU,"UNIVASTU INDIA",4858113,NSE,EQ
719,MANAPPURAM,"MANAPPURAM FINANCE",4879617,NSE,EQ
720,ITBEES,"NIP IND ETF IT",4885505,NSE,EQ
721,NBIFIN,"N.B.I. IND. FIN. CO.",4892417,NSE,EQ
722,KIOCL,"KIOCL",4896257,NSE,EQ
723,UMESLTD,"USHA MARTIN EDU & SOL",4900353,NSE,EQ
724,SFL,"SHEELA FOAM",4911105,NSE,EQ
725,TI,"TILAKNAGAR INDUSTRIES",4914177,NSE,EQ
726,HEADSUP,"HEADS UP VENTURES",4916481,NSE,EQ
727,HMVL,"HINDUSTAN MEDIA VENT",4918017,NSE,EQ
728,EMAMIREAL,"EMAMI REALTY",4934913,NSE,EQ
729,THEJO,"THEJO ENGINEERING",4935425,NSE,EQ
730,MOM50,"MOTILAL OSWAL M50 ETF",4937985,NSE,EQ
731,TERASOFT-BE,"TERA SOFTWARE",4939777,NSE,EQ
732,HISARMETAL,"HISAR METAL IND.",4946433,NSE,EQ
733,SPCENET,"SPACENET ENTERS IND",4959233,NSE,EQ
734,BOROLTD,"BOROSIL",4966657,NSE,EQ
735,ROSSARI,"ROSSARI BIOTECH",4968961,NSE,EQ
736,AHLEAST,"ASIAN HOTELS (EAST)",4976129,NSE,EQ
737,CAPTRUST,"CAPITAL TRUST",4978433,NSE,EQ
738,HDFCGOLD,"HDFC GOLD ETF",5003009,NSE,EQ
739,BHANDARI,"BHANDARI HOSIERY EXP",5006337,NSE,EQ
740,UGARSUGAR,"THE UGAR SUGAR WORKS",5011969,NSE,EQ
741,BSE,"BSE",5013761,NSE,EQ
742,PRAKASHSTL,"PRAKASH STEELAGE",5017345,NSE,EQ
743,PRICOLLTD,"PRICOL",5025537,NSE,EQ
744,GPPL,"GUJARAT PIPAVAV PORT",5051137,NSE,EQ
745,WELINV-BE,"WELSPUN INV & COMM",5069825,NSE,EQ
746,DEEPAKNTR,"DEEPAK NITRITE",5105409,NSE,EQ
747,876HUDCO28-ND,"876HUDCO28-ND",5111809,NSE,EQ
748,901HUDCO34-NE,"901HUDCO34-NE",5112321,NSE,EQ
749,764NABAR31-N2,"764NABAR31-N2",5128705,NSE,EQ
750,9MMFSML-N2,"9MMFSML-N2",5132289,NSE,EQ
751,CPCAP,"CP CAPITAL",5142017,NSE,EQ
752,TASTYBITE,"TASTY BITE EATABLES",5143553,NSE,EQ
753,ARIHANTSUP,"ARIHANT SUPERSTRUCT",5160705,NSE,EQ
754,WABAG,"VA TECH WABAG",5168129,NSE,EQ
755,BEDMUTHA,"BEDMUTHA INDUST",5170177,NSE,EQ
756,URJA,"URJA GLOBAL",5171969,NSE,EQ
757,OBEROIRLTY,"OBEROI REALTY",5181953,NSE,EQ
758,NRAIL,"N R AGARWAL INDS",5200385,NSE,EQ
759,SHANKARA,"SHANKARA BLDG PRODUCT",5202177,NSE,EQ
760,RESPONIND,"RESPONSIVE INDUSTRIES",5202689,NSE,EQ
761,CGCL,"CAPRI GLOBAL CAPITAL",5204225,NSE,EQ
762,IOLCP,"IOL CHEM AND PHARMA",5225729,NSE,EQ
763,WIPL,"THE WESTERN INDIA PLY",5243137,NSE,EQ
764,DOLLAR,"DOLLAR INDUSTRIES",5263361,NSE,EQ
765,JINDWORLD,"JINDAL WORLDWIDE",5284353,NSE,EQ
766,RPPINFRA,"R.P.P INFRA PROJECTS",5314561,NSE,EQ
767,BHAGYANGR-BE,"BHAGYANAGAR INDIA",5324545,NSE,EQ
768,IRBINVIT-IV,"IRB INVIT FUND",5329153,NSE,EQ
769,HUDCO,"HSG & URBAN DEV CORPN",5331201,NSE,EQ
770,MOIL,"MOIL",5332481,NSE,EQ
771,PSPPROJECT,"PSP PROJECTS",5344513,NSE,EQ
772,A2ZINFRA-BE,"A2Z INFRA ENGINEERING",5352961,NSE,EQ
773,KIRLOSENG,"KIRLOSKAR OIL ENG",5359617,NSE,EQ
774,INDIGRID-IV,"INDIGRID INFRASTRUCT TRST",5372929,NSE,EQ
775,TEJASNET,"TEJAS NETWORKS",5409537,NSE,EQ
776,ERIS,"ERIS LIFESCIENCES",5415425,NSE,EQ
777,CDSL,"CENTRAL DEPO SER (I)",5420545,NSE,EQ
778,GTPL,"GTPL HATHWAY",5425921,NSE,EQ
779,865TCAPS27-N8,"865TCAPS27-N8",5426433,NSE,EQ
780,AXISNIFTY,"AXISAMC - AXISNIFTY",5440513,NSE,EQ
781,LOWVOLIETF,"ICICI PR NIF LW VL 30 ETF",5441025,NSE,EQ
782,DYNPRO,"DYNEMIC PRODUCTS",5456385,NSE,EQ
783,STEELXIND,"STEEL EXCHANGE INDIA",5462785,NSE,EQ
784,SALASAR,"SALASAR TECHNO ENGG.",5468673,NSE,EQ
785,MOM100,"MOTILAL OS MIDCAP100 ETF",5484289,NSE,EQ
786,THEINVEST,"THE INVEST TRUST OF IND L",5485313,NSE,EQ
787,OPTIEMUS,"OPTIEMUS INFRACOM",5496065,NSE,EQ
788,UTINEXT50,"UTIAMC - UTINEXT50",5498369,NSE,EQ
789,STEL,"STEL HOLDINGS",5499905,NSE,EQ
790,SMSLIFE,"SMS LIFESCIENCES (I)",5517057,NSE,EQ
791,BRNL,"BHARAT ROAD NETWORK",5550849,NSE,EQ
792,LASA-BE,"LASA SUPERGENERICS",5561089,NSE,EQ
793,MATRIMONY,"MATRIMONY.COM",5561857,NSE,EQ
794,CHOLAHLDNG,"CHOLAMANDALAM FIN HOL",5565441,NSE,EQ
795,CAPACITE,"CAPACITE INFRAPROJECT",5567745,NSE,EQ
796,TEXRAIL,"TEXMACO RAIL & ENG.",5587969,NSE,EQ
797,DIAMONDYD,"PRATAAP SNACKS",5591041,NSE,EQ
798,HFCL,"HFCL",5619457,NSE,EQ
799,INDTERRAIN,"IND TERRAIN FASHIONS",5620993,NSE,EQ
800,WORTHPERI,"WORTH PERIPHERALS",5702913,NSE,EQ
801,TIRUPATIFL,"TIRUPATI FORGE",5704193,NSE,EQ
802,ALPL30IETF,"ICICIPRAMC - ICICIALPLV",5720065,NSE,EQ
803,MACPOWER,"MACPOWER CNC MACHINES",5720833,NSE,EQ
804,MAXHEALTH,"MAX HEALTHCARE INS",5728513,NSE,EQ
805,LOVABLE,"LOVABLE LINGERIE",5738241,NSE,EQ
806,TARACHAND,"TARA CHAND INFRA SOLN",6019073,NSE,EQ
807,SYMPHONY,"SYMPHONY",6192641,NSE,EQ
808,VADILALIND,"VADILAL INDUSTRIES",6194177,NSE,EQ
809,ESTER,"ESTER INDUSTRIES",6211841,NSE,EQ
810,DHANUKA,"DHANUKA AGRITECH",6248705,NSE,EQ
811,RUSHIL,"RUSHIL DECOR",6296321,NSE,EQ
812,WINDMACHIN,"WINDSOR MACHINES",6392065,NSE,EQ
813,BODALCHEM,"BODAL CHEMICALS",6404353,NSE,EQ
814,BROOKS,"BROOKS LAB",6434817,NSE,EQ
815,TDPOWERSYS,"TD POWER SYSTEMS",6445569,NSE,EQ
816,APLLTD,"ALEMBIC PHARMA",6483969,NSE,EQ
817,VASWANI-BE,"VASWANI IND",6488065,NSE,EQ
818,PANAMAPET,"PANAMA PETROCHEM",6500353,NSE,EQ
819,TIJARIA,"TIJARIA POLYPIPES",6523393,NSE,EQ
820,FLEXITUFF,"FLEXITUFF VENTURES INT L",6531073,NSE,EQ
821,INDOTHAI,"INDO THAI SEC",6555649,NSE,EQ
822,JISLDVREQS,"JAIN DVR EQUITY SHARES",6575105,NSE,EQ
823,DSSL,"DYNACONS SYS & SOLN",6576641,NSE,EQ
824,POLYMED,"POLY MEDICURE",6583809,NSE,EQ
825,RUPA,"RUPA & COMPANY",6585345,NSE,EQ
826,APLAPOLLO,"APL APOLLO TUBES",6599681,NSE,EQ
827,KANANIIND,"KANANI INDUSTRIES",6601217,NSE,EQ
828,IMPEXFERRO-BZ,"IMPEX FERRO TECH",6625537,NSE,EQ
829,MEP-BZ,"MEP INFRA. DEVELOPERS",6625793,NSE,EQ
830,MINDACORP,"MINDA CORPORATION",6629633,NSE,EQ
831,HEXATRADEX,"HEXA TRADEX",6914049,NSE,EQ
832,VSSL,"VARDHMAN SPC STEEL",6929153,NSE,EQ
833,RTNINDIA,"RATTANINDIA ENT",6988033,NSE,EQ
834,SAMPANN,"SAMPANN UTPADAN INDIA",6989569,NSE,EQ
835,INNOVANA-BE,"INNOVANA THINKLABS",7109889,NSE,EQ
836,PROZONER-BE,"PROZONE REALTY",7388929,NSE,EQ
837,KITEX,"KITEX GARMENTS",7398145,NSE,EQ
838,DUCON,"DUCON INFRATECHNOLOGIES L",7411713,NSE,EQ
839,TVSHLTD,"TVS HOLDINGS",7426049,NSE,EQ
840,ARSHIYA-BZ,"ARSHIYA",7427841,NSE,EQ
841,CEREBRAINT-BZ,"CEREBRA INT TECH",7428097,NSE,EQ
842,INDUSTOWER,"INDUS TOWERS",7458561,NSE,EQ
843,SITINET-BZ,"SITI NETWORKS",7477761,NSE,EQ
844,VMART,"VMART RETAIL",7496705,NSE,EQ
845,MOHITIND-BE,"MOHIT INDUSTRIES",7533313,NSE,EQ
846,NIFTYIETF,"ICICI PRUD NIFTY ETF",7565569,NSE,EQ
847,NIF100BEES,"NIP IND ETF NIFTY 100",7571713,NSE,EQ
848,REPCOHOME,"REPCO HOME FINANCE",7577089,NSE,EQ
849,NIBL,"NRB INDUS. BEARINGS",7611649,NSE,EQ
850,ATULAUTO,"ATUL AUTO",7685889,NSE,EQ
851,ORIENTCEM,"ORIENT CEMENT",7702785,NSE,EQ
852,SAMMAANCAP,"SAMMAAN CAPITAL",7712001,NSE,EQ
853,SPECTRUM,"SPECTRUM ELECTRIC IND",7796481,NSE,EQ
854,871REC28-N9,"871REC28-N9",7933441,NSE,EQ
855,810IRFC27-N2,"810IRFC27-N2",7968769,NSE,EQ
856,RHIM,"RHI MAGNESITA INDIA",7977729,NSE,EQ
857,MCX,"MULTI COMMODITY EXCHANGE",7982337,NSE,EQ
858,SCHNEIDER,"SCHNEIDER ELECTRIC INFRA",7995905,NSE,EQ
859,NDL,"NANDAN DENIM",8002049,NSE,EQ
860,MTEDUCARE-BE,"MT EDUCARE",8041729,NSE,EQ
861,901NHB34-N6,"901NHB34-N6",8184321,NSE,EQ
862,NPST,"NETWORK PEOPLE SRV TECH L",193618945,NSE,EQ
863,JSLL,"JEENA SIKHO LIFECARE",194077441,NSE,EQ
864,AGSTRA-BZ,"AGS TRANSACT TECH",194355713,NSE,EQ
865,SOLEX,"SOLEX ENERGY",194405633,NSE,EQ